series_label,mechanism,semantics,k,omega_mean,ci_half_width,sd,networks,seconds
classical · faithful,classical,faithful,1.1,2.97997512e-06,8.501773067018102e-07,3.0671741774477817e-06,50,0.027
classical · faithful,classical,faithful,1.3,5.339951040000002e-06,3.071110860277732e-06,1.1079608750398145e-05,50,0.025
classical · faithful,classical,faithful,1.5,8.5997916e-06,5.361122658711167e-06,1.934125605483428e-05,50,0.024
classical · faithful,classical,faithful,1.7,1.4619668280000001e-05,1.0012278518024853e-05,3.612117364910087e-05,50,0.029
classical · faithful,classical,faithful,1.9,1.4498803719999998e-05,8.306019757463113e-06,2.9965524975365356e-05,50,0.035
classical · faithful,classical,faithful,2.1,7.088768241999997e-05,4.5855709243277024e-05,0.00016543307633693792,50,0.058
classical · faithful,classical,faithful,2.3,0.00018765619102,0.0001804547344872982,0.0006510243186387066,50,0.108
classical · faithful,classical,faithful,2.5,0.0015787952416999999,0.001703078267880258,0.006144174449538622,50,0.383
classical · faithful,classical,faithful,2.7,0.0014721799343599999,0.001357809561434756,0.004898552798216572,50,0.523
classical · faithful,classical,faithful,2.9,0.019063785103580005,0.01573689421812188,0.056773799063517115,50,5.178
classical · faithful,classical,faithful,3.1,0.02349952265462,0.014842180453920358,0.05354595125796691,50,20.773
classical · faithful,classical,faithful,3.3,0.04321639867241,0.01702881146373133,0.08688169114148636,100,92.202
classical · faithful,classical,faithful,3.5,0.05974550674683999,0.01907609605466821,0.11920076943432766,150,216.257
classical · faithful,classical,faithful,3.7,0.05876336391636666,0.019758639938537388,0.12346578025712596,150,738.947
classical · faithful,classical,faithful,3.9,0.01875480033988,0.011477164717915028,0.058556962846505245,100,262.146
classical · faithful,classical,faithful,4.1,0.028433275641515002,0.017901205047740145,0.1291639130680399,200,974.018
classical · faithful,classical,faithful,4.3,0.012271783780239999,0.017049310567203053,0.06150858732971808,50,150.474
classical · faithful,classical,faithful,4.5,0,0,0,50,154.004
classical · intended,classical,intended,1.1,7.819956059999998e-06,8.446066840753374e-06,3.047077110944669e-05,50,0.029
classical · intended,classical,intended,1.3,5.53995996e-06,2.675243587023778e-06,9.651443274032333e-06,50,0.023
classical · intended,classical,intended,1.5,5.379936280000003e-06,2.5409662739422423e-06,9.167012668728951e-06,50,0.027
classical · intended,classical,intended,1.7,1.473941198e-05,1.0965700266036444e-05,3.956082152333417e-05,50,0.031
classical · intended,classical,intended,1.9,2.049530089999999e-05,1.580313588313852e-05,5.7012778300916875e-05,50,0.031
classical · intended,classical,intended,2.1,3.2696823139999975e-05,2.7808840881734583e-05,0.00010032561206332762,50,0.037
classical · intended,classical,intended,2.3,0.00023631984289999999,0.00014448145497025406,0.0005212439620671707,50,0.092
classical · intended,classical,intended,2.5,0.00063988041646,0.000657526086702373,0.002372148748542356,50,0.233
classical · intended,classical,intended,2.7,0.004050082272860001,0.0051407397923882905,0.018546183507720842,50,1.188
classical · intended,classical,intended,2.9,0.012115454603719999,0.00927349681076373,0.03345588000103498,50,5.625
classical · intended,classical,intended,3.1,0.020754594732119998,0.015502625278058351,0.05592862989953595,50,25.51
classical · intended,classical,intended,3.3,0.04366124623038,0.01635181151640247,0.08342760977756362,100,70.012
classical · intended,classical,intended,3.5,0.05013942820497333,0.01819999529917121,0.11372628011230085,150,670.627
classical · intended,classical,intended,3.7,0.06465628456264,0.017572186888594857,0.1417554439747633,250,914.039
classical · intended,classical,intended,3.9,0.03271089317613999,0.0175422992627376,0.08950152685070205,100,690.368
classical · intended,classical,intended,4.1,0.01167308596692,0.010998375184499422,0.03967870242343565,50,133.455
classical · intended,classical,intended,4.3,0.007654212596540001,0.010943994971419556,0.03948251559980737,50,137.483
classical · intended,classical,intended,4.5,5.2255644640000004e-05,0.00010242106349439986,0.00036950320680218413,50,142.009
pbn · faithful,pbn,faithful,1.1,0.056243377206639994,0.010584175701247393,0.03818440005929548,50,98.252
pbn · faithful,pbn,faithful,1.3,0.07546102104133999,0.01000906231685445,0.03610957059982918,50,96.243
pbn · faithful,pbn,faithful,1.5,0.08764279207302002,0.0064545076043515046,0.023285847429883096,50,98.089
pbn · faithful,pbn,faithful,1.7,0.10106787539623997,0.005886188381707412,0.02123552918391215,50,99.825
pbn · faithful,pbn,faithful,1.9,0.11388197891844,0.005755330168421583,0.020763433622747022,50,115.576
pbn · faithful,pbn,faithful,2.1,0.1266509401252,0.00437592486261234,0.01578697012406121,50,118.415
pbn · faithful,pbn,faithful,2.3,0.12845762929758003,0.0048364815675703155,0.017448514864860782,50,122.234
pbn · faithful,pbn,faithful,2.5,0.11595969290717999,0.009490548639229174,0.03423893520397812,50,122.636
pbn · faithful,pbn,faithful,2.7,0.09552372762295996,0.012794786727040031,0.04615959417615122,50,125.634
pbn · faithful,pbn,faithful,2.9,0.07464113752126,0.013906006185178395,0.05016852690184549,50,132.193
pbn · faithful,pbn,faithful,3.1,0.029685169564479995,0.009590810553423153,0.03460064887449498,50,129.117
pbn · faithful,pbn,faithful,3.3,0.015995118598739998,0.008995757189843025,0.032453882198192056,50,131.073
pbn · faithful,pbn,faithful,3.5,0.008204462044,0.00677396100228312,0.024438335511263353,50,128.228
pbn · faithful,pbn,faithful,3.7,0.00040857982498,0.00039596527382391154,0.0014285190318126327,50,130.655
pbn · faithful,pbn,faithful,3.9,1.7290553379999998e-05,2.102223878489145e-05,7.58416714312224e-05,50,125.206
pbn · faithful,pbn,faithful,4.1,5.772238e-08,1.1312946497379014e-07,4.081357746682297e-07,50,128.285
pbn · faithful,pbn,faithful,4.3,0,0,0,50,130.173
pbn · faithful,pbn,faithful,4.5,0,0,0,50,131.866
pbn · intended,pbn,intended,1.1,0.05211339262633999,0.00945824267006425,0.034122385357706064,50,102.131
pbn · intended,pbn,intended,1.3,0.06867323409896002,0.007108581452358608,0.02564554157948821,50,109.225
pbn · intended,pbn,intended,1.5,0.09096652502163999,0.0074451498740229485,0.026859775320774475,50,104.275
pbn · intended,pbn,intended,1.7,0.09775659369194002,0.007498920648369923,0.027053763479807116,50,118.154
pbn · intended,pbn,intended,1.9,0.11179356740399998,0.005070050770606397,0.01829115959620339,50,109.298
pbn · intended,pbn,intended,2.1,0.12746074298314,0.004591091367433489,0.016563223668159384,50,130.089
pbn · intended,pbn,intended,2.3,0.12647216865326003,0.004589383823209761,0.016557063381936046,50,136.546
pbn · intended,pbn,intended,2.5,0.12327368301024003,0.009045508971781534,0.032633371087910604,50,138.648
pbn · intended,pbn,intended,2.7,0.09164988313798,0.012169766885468643,0.043904717807012085,50,148.462
pbn · intended,pbn,intended,2.9,0.062002447773380015,0.014289830385243611,0.05155324473169047,50,128.208
pbn · intended,pbn,intended,3.1,0.03208221440644,0.011920615105889387,0.04300585600657745,50,137.621
pbn · intended,pbn,intended,3.3,0.010501108209140003,0.005369188796496218,0.019370356160578132,50,140.189
pbn · intended,pbn,intended,3.5,0.00424373384504,0.0035386240114602613,0.012766250176393337,50,140.913
pbn · intended,pbn,intended,3.7,4.255375642e-05,4.182858255154719e-05,0.00015090446106949141,50,128.979
pbn · intended,pbn,intended,3.9,0.0008325339685200001,0.001149388936538324,0.00414663628187267,50,134.54
pbn · intended,pbn,intended,4.1,2.1005831800000002e-06,3.5876872231065228e-06,1.2943254919566104e-05,50,125.196
pbn · intended,pbn,intended,4.3,1.5165199999999998e-09,2.9723791999999998e-09,1.072341575805023e-08,50,134.938
pbn · intended,pbn,intended,4.5,0,0,0,50,133.362
arm · faithful,arm,faithful,1.1,0.00031037607275999997,0.00042380056845355273,0.0015289400807358205,50,142.263
arm · faithful,arm,faithful,1.3,3.1617741399999993e-06,5.412093622499866e-06,1.952514337186797e-05,50,156.431
arm · faithful,arm,faithful,1.5,1.114650894e-05,2.1541252803264656e-05,7.771411190021514e-05,50,171.45
arm · faithful,arm,faithful,1.7,0,0,0,50,188.763
arm · faithful,arm,faithful,1.9,0,0,0,50,196.567
arm · faithful,arm,faithful,2.1,0,0,0,50,203.47
arm · faithful,arm,faithful,2.3,0,0,0,50,206.642
arm · faithful,arm,faithful,2.5,0,0,0,50,212.131
arm · faithful,arm,faithful,2.7,0,0,0,50,218.783
arm · faithful,arm,faithful,2.9,0,0,0,50,224.993
arm · faithful,arm,faithful,3.1,0,0,0,50,231.017
arm · faithful,arm,faithful,3.3,0,0,0,50,235.862
arm · faithful,arm,faithful,3.5,0,0,0,50,240.841
arm · faithful,arm,faithful,3.7,0,0,0,50,240.109
arm · faithful,arm,faithful,3.9,0,0,0,50,241.843
arm · faithful,arm,faithful,4.1,0,0,0,50,244.374
arm · faithful,arm,faithful,4.3,0,0,0,50,244.417
arm · faithful,arm,faithful,4.5,0,0,0,50,246.416
arm · intended,arm,intended,1.1,0,0,0,50,172.685
arm · intended,arm,intended,1.3,0,0,0,50,172.403
arm · intended,arm,intended,1.5,0,0,0,50,175.421
arm · intended,arm,intended,1.7,0,0,0,50,175.357
arm · intended,arm,intended,1.9,0,0,0,50,176.496
arm · intended,arm,intended,2.1,0,0,0,50,176.786
arm · intended,arm,intended,2.3,0,0,0,50,176.531
arm · intended,arm,intended,2.5,0,0,0,50,176.742
arm · intended,arm,intended,2.7,0,0,0,50,176.37
arm · intended,arm,intended,2.9,0,0,0,50,178.104
arm · intended,arm,intended,3.1,0,0,0,50,178.085
arm · intended,arm,intended,3.3,0,0,0,50,179.544
arm · intended,arm,intended,3.5,0,0,0,50,178.963
arm · intended,arm,intended,3.7,0,0,0,50,180.754
arm · intended,arm,intended,3.9,0,0,0,50,180.254
arm · intended,arm,intended,4.1,0,0,0,50,181.22
arm · intended,arm,intended,4.3,0,0,0,50,182.099
arm · intended,arm,intended,4.5,0,0,0,50,184.064
paraconsistent · faithful,paraconsistent,faithful,1.1,0.01841419548328,0.011430082588588124,0.041236167897515046,50,130.166
paraconsistent · faithful,paraconsistent,faithful,1.3,0.02738872187666,0.013522124717535177,0.04878360246846609,50,155.39
paraconsistent · faithful,paraconsistent,faithful,1.5,0.046008794385399995,0.01626515144032429,0.05867958612489513,50,177.87
paraconsistent · faithful,paraconsistent,faithful,1.7,0.04500435304074,0.015740016697832454,0.05678506399503478,50,176.965
paraconsistent · faithful,paraconsistent,faithful,1.9,0.04161805277765999,0.016268821437596337,0.05869282632876248,50,175.322
paraconsistent · faithful,paraconsistent,faithful,2.1,0.023423683037399997,0.012068257892439468,0.04353850506557153,50,166.004
paraconsistent · faithful,paraconsistent,faithful,2.3,0.016558632503679994,0.011351304544386664,0.040951961319640226,50,165.168
paraconsistent · faithful,paraconsistent,faithful,2.5,0.00352436660418,0.003344889585313237,0.012067316878036983,50,149.071
paraconsistent · faithful,paraconsistent,faithful,2.7,0.00012323986664,0.0001944096278932668,0.0007013692153636854,50,149.665
paraconsistent · faithful,paraconsistent,faithful,2.9,2.41851206e-06,3.5413622914037914e-06,1.2776129035152813e-05,50,158.215
paraconsistent · faithful,paraconsistent,faithful,3.1,1.8216461799999999e-06,3.552937192683957e-06,1.281788766365674e-05,50,152.387
paraconsistent · faithful,paraconsistent,faithful,3.3,0,0,0,50,170.757
paraconsistent · faithful,paraconsistent,faithful,3.5,0,0,0,50,168.094
paraconsistent · faithful,paraconsistent,faithful,3.7,0,0,0,50,170.739
paraconsistent · faithful,paraconsistent,faithful,3.9,0,0,0,50,170.281
paraconsistent · faithful,paraconsistent,faithful,4.1,0,0,0,50,173.222
paraconsistent · faithful,paraconsistent,faithful,4.3,0,0,0,50,170.884
paraconsistent · faithful,paraconsistent,faithful,4.5,0,0,0,50,177.64
paraconsistent · intended,paraconsistent,intended,1.1,4.7998609e-06,2.588595989136611e-06,9.338845804442839e-06,50,110.536
paraconsistent · intended,paraconsistent,intended,1.3,6.3395219999999985e-06,5.579706142049604e-06,2.012983699016074e-05,50,108.396
paraconsistent · intended,paraconsistent,intended,1.5,6.259216019999999e-06,3.2476692168153107e-06,1.1716576154392398e-05,50,108.941
paraconsistent · intended,paraconsistent,intended,1.7,1.4917664980000004e-05,1.1558157166774416e-05,4.16982209726841e-05,50,109.316
paraconsistent · intended,paraconsistent,intended,1.9,2.510882749999999e-05,2.5173592363909834e-05,9.081845850687007e-05,50,116.543
paraconsistent · intended,paraconsistent,intended,2.1,6.0559313720000005e-05,4.891719068841825e-05,0.0001764779451651836,50,115.284
paraconsistent · intended,paraconsistent,intended,2.3,0.00012261581892,8.471439414925801e-05,0.00030562307432168535,50,113.519
paraconsistent · intended,paraconsistent,intended,2.5,0.0014891718321599994,0.0022945359146669224,0.008277968902740093,50,118.489
paraconsistent · intended,paraconsistent,intended,2.7,0.0012912161365200004,0.0011599426353084384,0.004184710730683629,50,117.877
paraconsistent · intended,paraconsistent,intended,2.9,0.010142189508780004,0.00893959711099923,0.032251274174812376,50,120.945
paraconsistent · intended,paraconsistent,intended,3.1,0.02017110030894,0.010369165179803111,0.03740870925450106,50,127.89
paraconsistent · intended,paraconsistent,intended,3.3,0.03136242618838,0.01228613829689662,0.0443245495118946,50,131.265
paraconsistent · intended,paraconsistent,intended,3.5,0.0377007224081,0.0149666373226875,0.053994952767510235,50,140.792
paraconsistent · intended,paraconsistent,intended,3.7,0.01183170501408,0.007991879944052404,0.028832206647286845,50,150.407
paraconsistent · intended,paraconsistent,intended,3.9,0.01367934683618,0.010801668982655764,0.0389690478865729,50,148.117
paraconsistent · intended,paraconsistent,intended,4.1,0.013221477122879998,0.013123144893835637,0.04734420788226936,50,153.552
paraconsistent · intended,paraconsistent,intended,4.3,0.001036765972,0.0020320613051199986,0.007331042493046619,50,160.073
paraconsistent · intended,paraconsistent,intended,4.5,0.00027092038554,0.0005310039556584007,0.001915696417770081,50,152.156
modal · faithful,modal,faithful,1.1,9.25957124e-06,2.4400787074377412e-06,8.803041840092514e-06,50,123.289
modal · faithful,modal,faithful,1.3,2.2793934039999994e-05,1.5713757911256602e-05,5.669033049476175e-05,50,117.561
modal · faithful,modal,faithful,1.5,1.781685144e-05,1.2275707908448542e-05,4.4286919928210684e-05,50,118.728
modal · faithful,modal,faithful,1.7,2.1895387259999997e-05,1.486988298385285e-05,5.3645893333330634e-05,50,124.802
modal · faithful,modal,faithful,1.9,7.311852282e-05,5.293676564519568e-05,0.0001909793161316374,50,124.407
modal · faithful,modal,faithful,2.1,0.00031939043684,0.0003363987816933976,0.0012136217332566043,50,127.829
modal · faithful,modal,faithful,2.3,0.00014483754588000004,6.482712182577352e-05,0.00023387600738679026,50,124.969
modal · faithful,modal,faithful,2.5,0.00021726786005999985,0.00018409471205554985,0.0006641562207911438,50,125.505
modal · faithful,modal,faithful,2.7,0.004473298952620001,0.005533294565493018,0.01996239851817747,50,140.01
modal · faithful,modal,faithful,2.9,0.0028741351772200007,0.0025586158368388484,0.00923068677897981,50,137.466
modal · faithful,modal,faithful,3.1,0.005232242684300001,0.0024982645383749657,0.009012958144300092,50,146.167
modal · faithful,modal,faithful,3.3,0.010220012393800004,0.007255716836599008,0.026176360089431448,50,150.012
modal · faithful,modal,faithful,3.5,0.02803243671318,0.012257411694844534,0.04422091290418298,50,160.765
modal · faithful,modal,faithful,3.7,0.037730671860119996,0.014435082180085978,0.05207726783940759,50,164.233
modal · faithful,modal,faithful,3.9,0.044905036335419986,0.018891063997309374,0.06815305845064544,50,167.797
modal · faithful,modal,faithful,4.1,0.04646839944633999,0.01776429989400367,0.06408804550041562,50,172.041
modal · faithful,modal,faithful,4.3,0.053597524591719986,0.018848944948014534,0.06800110607629078,50,176.027
modal · faithful,modal,faithful,4.5,0.043928618400059995,0.01752894166361753,0.0632389465171804,50,185.556
modal · intended,modal,intended,1.1,1.0799238739999998e-05,5.495292625588103e-06,1.9825299388560076e-05,50,120.5
modal · intended,modal,intended,1.3,1.3135930419999999e-05,1.1344731005672896e-05,4.0928246045145844e-05,50,126.287
modal · intended,modal,intended,1.5,1.2178813599999998e-05,4.270960737989721e-06,1.5408292347010375e-05,50,121.294
modal · intended,modal,intended,1.7,2.3613801559999994e-05,1.4507343921291436e-05,5.233796563138069e-05,50,127.584
modal · intended,modal,intended,1.9,5.0050520159999997e-05,3.932681678953554e-05,0.00014187887160388546,50,129.365
modal · intended,modal,intended,2.1,5.8923466440000005e-05,6.501311504162984e-05,0.00023454701281631427,50,123.83
modal · intended,modal,intended,2.3,0.0004777902982000001,0.000527785331513811,0.0019040846271643152,50,127.912
modal · intended,modal,intended,2.5,0.00037517506358000004,0.00032289877590443305,0.0011649179289737754,50,130.619
modal · intended,modal,intended,2.7,0.00035742207940000006,0.0002741269576234579,0.0009889644420489,50,133.414
modal · intended,modal,intended,2.9,0.00604769163598,0.005145686758370837,0.018564030615846137,50,135.827
modal · intended,modal,intended,3.1,0.003219322132520001,0.001962289818431866,0.007079328761563732,50,142.069
modal · intended,modal,intended,3.3,0.009385804991800003,0.006612812950057009,0.023856963671956784,50,143.385
modal · intended,modal,intended,3.5,0.01521545478824,0.010599044763606465,0.03823804299207091,50,144.651
modal · intended,modal,intended,3.7,0.023228616760739996,0.01219719821202,0.04400368146528457,50,144.818
modal · intended,modal,intended,3.9,0.02635700895032,0.01378620685610389,0.049736328340773135,50,155.367
modal · intended,modal,intended,4.1,0.03230107111308,0.01415625294988605,0.05107133906661476,50,156.956
modal · intended,modal,intended,4.3,0.04362896847837999,0.01571723358915237,0.05670286965501337,50,153.736
modal · intended,modal,intended,4.5,0.0439824139594,0.015164289112588838,0.054708018690739296,50,160.768
quantum · faithful,quantum,faithful,1.1,0.06918319863146002,0.017725153419368873,0.06394681724697782,50,960.511
quantum · faithful,quantum,faithful,1.3,0.051378266426920005,0.017168151977132447,0.061937330017712185,50,938.616
quantum · faithful,quantum,faithful,1.5,0.03939786893382,0.013397934166795935,0.048335561751185425,50,931.59
quantum · faithful,quantum,faithful,1.7,0.039648864930059986,0.016022196865328284,0.05780308190295651,50,924.1
quantum · faithful,quantum,faithful,1.9,0.03251276428542,0.012659298173688105,0.04567079379427212,50,919.732
quantum · faithful,quantum,faithful,2.1,0.00905559000836,0.006342737521949519,0.022882615882943182,50,906.192
quantum · faithful,quantum,faithful,2.3,0.004164042382100001,0.004578565770537963,0.016518035226816347,50,905.088
quantum · faithful,quantum,faithful,2.5,0.00210259261644,0.0026871690202321013,0.0096944665122476,50,899.162
quantum · faithful,quantum,faithful,2.7,0.0005413401213200001,0.0005699488153130868,0.0020561973073322595,50,897.112
quantum · faithful,quantum,faithful,2.9,1.9070766199999998e-06,1.8037871213950244e-06,6.50750053752747e-06,50,900.81
quantum · faithful,quantum,faithful,3.1,7.37333108e-06,1.3658352258192325e-05,4.9275068885726474e-05,50,903.317
quantum · faithful,quantum,faithful,3.3,1.1106764e-07,1.6983621904774191e-07,6.127160315292969e-07,50,901.949
quantum · faithful,quantum,faithful,3.5,0,0,0,50,903.609
quantum · faithful,quantum,faithful,3.7,0,0,0,50,902.511
quantum · faithful,quantum,faithful,3.9,0,0,0,50,134.835
quantum · faithful,quantum,faithful,4.1,0,0,0,50,443.684
quantum · faithful,quantum,faithful,4.3,0,0,0,50,444.043
quantum · faithful,quantum,faithful,4.5,0,0,0,50,441.906
quantum · intended,quantum,intended,1.1,0.08379746283687999,0.01788908036591005,0.06453821446901083,50,512.153
quantum · intended,quantum,intended,1.3,0.07911081046616002,0.017080749168213047,0.06162200798260167,50,521.389
quantum · intended,quantum,intended,1.5,0.07838025292936,0.01823893683163207,0.06580038732285776,50,501.935
quantum · intended,quantum,intended,1.7,0.06372341931576002,0.017387815491713247,0.06272980736842317,50,495.398
quantum · intended,quantum,intended,1.9,0.06152740086724001,0.018068997989212958,0.06518730105825804,50,476.173
quantum · intended,quantum,intended,2.1,0.04768914308002001,0.016204361526538487,0.05846027510313142,50,485.844
quantum · intended,quantum,intended,2.3,0.03024617172656,0.01525521623596574,0.05503605535162497,50,460.781
quantum · intended,quantum,intended,2.5,0.033980933770020004,0.014591065995852361,0.05264000872656965,50,464.799
quantum · intended,quantum,intended,2.7,0.004927906729239999,0.005712082484775118,0.02060740948817036,50,440.193
quantum · intended,quantum,intended,2.9,0.01059352801296,0.008513152316664222,0.030712794552996112,50,453.172
quantum · intended,quantum,intended,3.1,0.0032836643831199996,0.005345435709030206,0.01928466244006112,50,440.653
quantum · intended,quantum,intended,3.3,6.635602248000001e-05,9.251153514626456e-05,0.00033375272367296583,50,135.55
quantum · intended,quantum,intended,3.5,4.541695876e-05,5.187607657188837e-05,0.00018715268125170845,50,130.817
quantum · intended,quantum,intended,3.7,0.00012851096548,0.0002454243839618529,0.0008854145212650875,50,133.979
quantum · intended,quantum,intended,3.9,6.207206e-07,6.351975456462494e-07,2.291594346528135e-06,50,133.237
quantum · intended,quantum,intended,4.1,5.10044e-08,6.807375404690698e-08,2.4558884238465873e-07,50,131.149
quantum · intended,quantum,intended,4.3,0,0,0,50,134.992
quantum · intended,quantum,intended,4.5,0,0,0,50,135.865
